{
  "corpus": "tilak-gita-rahasya",
  "n": 138,
  "unique_sutras": 132,
  "me5": {
    "r1": 0.2753623188405797,
    "r4": 0.34782608695652173,
    "r10": 0.38405797101449274,
    "r25": 0.4492753623188406,
    "median": 42
  },
  "sutrakrit": {
    "r1": 0.30434782608695654,
    "r4": 0.38405797101449274,
    "r10": 0.4057971014492754,
    "r25": 0.45652173913043476,
    "median": 41
  },
  "delta_r4": 0.03623188405797101,
  "verdict": "FAILED"
}